"","continent","ave_lifeExp"
"1","Africa",48.8653301282051
"2","Americas",64.6587366666667
"3","Asia",60.0649032323232
"4","Europe",71.9036861111111
"5","Oceania",74.3262083333333
